Product ID,Product Name,Price,Number of Reviews,Rating,Category
1,Trouble Fund,909.13,982,2.9,Accessories
2,Base Bank,60.56,536,1.3,Furniture
3,Value Amount,648.13,298,1.4,Fitness
4,Decade Section,964.85,517,2.2,Computers
5,Trade Event,859.76,307,4.9,Kitchen
6,Speech Trade,43.6,804,1.8,Furniture
7,Teacher Skill,848.93,915,3.2,Fitness
8,Hundred Market,717.79,158,1.8,Kitchen
9,Once Especially,613.24,452,4.6,Kitchen
10,Describe Interest,27.9,304,2.9,Furniture
11,Detail Bring,250.46,48,2.7,Accessories
12,Of Of,889.23,257,4.8,Furniture
13,Fear List,114.89,742,2.7,Kitchen
14,Night Sure,842.65,210,3,Accessories
15,Look Statement,873.92,704,2.3,Electronics
16,Five Everyone,870.19,265,3.4,Fitness
17,Night All,908.85,439,3.9,Kitchen
18,Step In,668.11,523,4,Accessories
19,Position Democratic,259.62,74,3.9,Furniture
20,Government Some,861.35,861,3.5,Furniture
21,Find Throw,907.5,80,2.1,Accessories
22,Husband Level,619.72,488,3.2,Fitness
23,Oil Expert,857.3,371,4,Electronics
24,Anyone Future,480.87,474,5,Computers
25,Health Set,187.43,264,4.4,Computers
26,Republican Kitchen,601.13,330,4.6,Furniture
27,Huge Six,652.71,956,3.8,Kitchen
28,Avoid Dark,167.37,389,4.7,Computers
29,Let Market,720.24,344,1.2,Computers
30,Different Wall,799.44,919,2.9,Computers
31,Yet Throughout,411.94,12,2.4,Electronics
32,Glass Property,289.62,374,4.1,Furniture
33,Begin Leader,588.08,958,2.9,Furniture
34,Several Structure,871.27,941,4.3,Accessories
35,Station Wind,601.2,327,1.4,Electronics
36,Finish Range,692.86,190,1.9,Computers
37,Across His,769.76,702,3.4,Fitness
38,Watch Two,105.54,454,1.1,Kitchen
39,Establish Lead,253.11,675,3.5,Computers
40,Role Hour,555.44,711,4.2,Furniture
41,Adult Travel,102.07,762,4.7,Kitchen
42,During Stuff,363.38,934,2.6,Computers
43,House Actually,716.84,42,1.5,Accessories
44,Woman Name,343.83,339,4.7,Fitness
45,Price Food,910.74,782,3.5,Computers
46,Economy Onto,431.49,190,2.9,Accessories
47,Yet Evidence,864.31,923,1,Computers
48,Picture Under,168.24,477,3.1,Electronics
49,Eight Possible,576.65,834,2.6,Kitchen
50,Safe Treat,736.97,546,4.9,Electronics
51,To Study,600.59,108,3.7,Fitness
52,Form Approach,65,509,3.4,Furniture
53,Detail Tend,187.37,495,3.3,Electronics
54,Film Television,774.92,611,1.9,Electronics
55,Southern Between,631.9,528,1.7,Furniture
56,Ahead Firm,973.07,174,1.2,Electronics
57,Almost Crime,880.4,829,4.6,Computers
58,Often American,151.98,981,4.2,Computers
59,Cover Hair,410.66,748,4.9,Electronics
60,Mrs Marriage,431.02,510,3.3,Furniture
61,Consider Nice,372.02,435,2.2,Fitness
62,Difference Heavy,612.05,218,4.6,Computers
63,Enter Talk,560.45,949,2.1,Electronics
64,Cost West,801.37,290,3.4,Kitchen
65,Girl Project,551.97,34,1.4,Kitchen
66,Require Bag,171.97,119,4.4,Kitchen
67,Get Girl,122.68,278,1.3,Furniture
68,Others Allow,439.55,562,4.5,Accessories
69,Huge Challenge,427.1,600,4.8,Kitchen
70,Serve Bed,33.03,791,3.4,Fitness
71,Hit Court,200.87,85,3.5,Electronics
72,Young Way,179.83,417,3.7,Electronics
73,Administration Reach,771.5,594,3.5,Kitchen
74,Their What,944.14,258,1.7,Computers
75,History Different,628.32,868,1.5,Accessories
76,Recent Traditional,370.59,94,2.8,Furniture
77,Give Other,188.85,942,4,Computers
78,Hard If,276.12,844,4.4,Electronics
79,Fear Notice,862.88,449,4,Fitness
80,Back Enter,17.41,359,3.2,Fitness
81,Believe Behavior,405.58,14,4.6,Electronics
82,Able Fact,933.47,428,2.2,Electronics
83,Site Work,16.64,894,4.1,Computers
84,Eye Yourself,724.57,970,1.8,Accessories
85,Data Fast,405.72,285,4.3,Electronics
86,Toward Everyone,685.73,961,3,Computers
87,Democrat Identify,289.49,647,2.9,Accessories
88,Organization Marriage,625.04,200,1.3,Computers
89,Floor Throughout,498.2,704,1.2,Kitchen
90,Thank Task,692.83,447,4.5,Computers
91,Modern Through,376.73,628,2.8,Computers
92,Least Deep,976.87,443,1.8,Furniture
93,Economy Security,615.76,898,2.8,Electronics
94,Story Tend,840.41,568,1.8,Electronics
95,Onto Fine,485.61,128,1.2,Kitchen
96,Husband Pretty,632.52,786,2.5,Kitchen
97,Generation Girl,170.17,701,1.9,Accessories
98,Talk Give,434.86,702,3.2,Furniture
99,Talk Particularly,111.26,536,3.6,Computers
100,Close Attack,231.12,318,2.8,Electronics